xa,ma_thon,ngay,so_to,so_kh,du_no,so_dong,ten_thon
Biên Hòa,46000401,17.0,1,50,3721.24,69,Khu phố Bửu Hòa 1
Biên Hòa,46000401,,1,0,0.0,8,Khu phố Bửu Hòa 1
Biên Hòa,46000402,17.0,2,75,4584.72,107,
Biên Hòa,46000402,,2,0,0.0,12,
Biên Hòa,46000403,17.0,2,95,4783.85,121,Khu Phố Bửu Hòa 3
Biên Hòa,46000403,,3,0,0.0,13,Khu Phố Bửu Hòa 3
Biên Hòa,46000404,17.0,1,55,2047.23,73,Khu Phố Bửu Hòa 2
Biên Hòa,46000404,,1,0,0.0,2,Khu Phố Bửu Hòa 2
Biên Hòa,46000405,17.0,1,44,2498.0,56,
Biên Hòa,46000405,,0,0,0.0,2,
Biên Hòa,46000406,12.0,2,113,7474.86,144,Khu phố Hóa An
Biên Hòa,46000406,,2,0,0.0,11,Khu phố Hóa An
Biên Hòa,46000407,12.0,2,56,4223.2,69,
Biên Hòa,46000407,,2,0,0.0,5,
Biên Hòa,46000408,,0,0,0.0,1,
Biên Hòa,46000409,12.0,1,59,5705.8,70,
Biên Hòa,46000409,,1,0,0.0,4,
Biên Hòa,46000410,6.0,3,131,6483.9,161,Khu phố  Tân Hạnh 1
Biên Hòa,46000410,,2,0,0.0,16,Khu phố  Tân Hạnh 1
Biên Hòa,46000411,,0,0,0.0,1,Khu phố  Tân Hạnh 2
Biên Hòa,46000412,6.0,3,118,5687.44,163,
Biên Hòa,46000412,,3,0,0.0,21,
Biên Hòa,46000413,6.0,2,94,5146.0,123,
Biên Hòa,46000413,,1,0,0.0,23,
Biên Hòa,46000414,9.0,1,38,1951.5,47,
Biên Hòa,46000414,,1,0,0.0,7,
Biên Hòa,46000415,9.0,1,49,2478.3,67,Khu phố Tân Vạn
Biên Hòa,46000415,,1,0,0.0,4,Khu phố Tân Vạn
Biên Hòa,46000416,9.0,1,48,2501.0,60,
Biên Hòa,46000416,,1,0,0.0,1,
Biên Hòa,46000417,9.0,1,49,2326.55,63,
Biên Hòa,46000417,,1,0,0.0,6,
Hố Nai,46002401,21.0,1,17,1406.0,30,Khu phố 1
Hố Nai,46002401,,1,0,0.0,10,Khu phố 1
Hố Nai,46002403,,0,0,0.0,2,
Hố Nai,46002404,21.0,1,17,1055.0,25,Khu phố 4
Hố Nai,46002404,,1,0,0.0,6,Khu phố 4
Hố Nai,46002407,,0,0,0.0,1,
Hố Nai,46002408,,0,0,0.0,1,
Hố Nai,46002409,21.0,1,54,3516.0,83,Khu phố 9
Hố Nai,46002409,,1,0,0.0,10,Khu phố 9
Hố Nai,46002410,21.0,2,69,5526.5,91,Khu phố 4
Hố Nai,46002410,,1,0,0.0,4,Khu phố 4
Hố Nai,46002411,21.0,1,42,2167.0,52,
Hố Nai,46002411,,1,0,0.0,4,
Hố Nai,46002412,21.0,3,148,9628.68,195,Khu phố 3
Hố Nai,46002412,,1,0,0.0,39,Khu phố 3
Hố Nai,46002413,15.0,4,142,6577.46,215,khu phố Ngũ Phúc
Hố Nai,46002413,,5,0,0.0,50,khu phố Ngũ Phúc
Hố Nai,46002414,15.0,3,113,5456.6,167,Khu phố 5
Hố Nai,46002414,,2,0,0.0,23,Khu phố 5
Hố Nai,46002415,15.0,2,73,5029.4,103,Khu phố 6
Hố Nai,46002415,,2,0,0.0,5,Khu phố 6
Hố Nai,46002416,15.0,3,150,6424.4,198,khu phố Đông Hải
Hố Nai,46002416,,2,0,0.0,30,khu phố Đông Hải
Hố Nai,46002417,15.0,2,107,5935.7,171,khu phố Lộ Đức
Hố Nai,46002417,,1,0,0.0,17,khu phố Lộ Đức
Long Bình,46002601,19.0,1,56,3214.6,68,Khu phố 1
Long Bình,46002601,,1,0,0.0,8,Khu phố 1
Long Bình,46002603,19.0,1,53,3077.8,71,Khu phố 3
Long Bình,46002603,,1,0,0.0,9,Khu phố 3
Long Bình,46002605,19.0,1,49,3728.5,61,
Long Bình,46002605,,1,0,0.0,7,
Long Bình,46002606,19.0,1,35,1994.6,48,
Long Bình,46002606,,1,0,0.0,3,
Long Bình,46002607,19.0,1,47,3840.37,62,
Long Bình,46002607,,1,0,0.0,16,
Long Bình,46002608,19.0,1,53,3103.5,65,
Long Bình,46002608,,1,0,0.0,2,
Long Bình,46002609,,0,0,0.0,1,Khu phố 4
Long Bình,46002610,19.0,1,59,4202.3,66,
Long Bình,46002610,,1,0,0.0,5,
Long Bình,46002612,19.0,1,59,3703.0,70,Khu phố 2
Long Bình,46002612,,1,0,0.0,13,Khu phố 2
Long Bình,46002613,19.0,1,47,2707.7,53,
Long Bình,46002613,,1,0,0.0,3,
Long Bình,46002614,,0,0,0.0,1,
Long Bình,46002615,21.0,2,82,6584.8,89,
Long Bình,46002615,,1,0,0.0,10,
Long Bình,46002616,,0,0,0.0,2,
Long Bình,46002617,21.0,1,59,4173.63,66,
Long Bình,46002617,,1,0,0.0,5,
Long Bình,46002619,21.0,1,58,2774.75,74,
Long Bình,46002619,,1,0,0.0,5,
Long Bình,46002620,21.0,1,39,2158.5,42,
Long Bình,46002620,,2,0,0.0,18,
Long Bình,46002621,,0,0,0.0,1,Khu phố 8
Long Bình,46002622,21.0,1,54,3903.9,63,
Long Bình,46002622,,1,0,0.0,9,
Long Bình,46002623,21.0,1,57,3494.0,70,
Long Bình,46002623,,1,0,0.0,7,
Long Bình,46002624,21.0,1,53,3184.0,72,Khu phố 6
Long Bình,46002624,,1,0,0.0,11,Khu phố 6
Long Bình,46002625,,0,0,0.0,3,
Long Bình,46002626,21.0,2,88,6248.24,124,
Long Bình,46002626,,1,0,0.0,23,
Long Bình,46002627,21.0,1,36,2569.0,50,Khu phố 5
Long Bình,46002627,,2,0,0.0,10,Khu phố 5
Long Bình,46002628,22.0,2,105,7667.4,130,Khu phố 7
Long Bình,46002628,,2,0,0.0,12,Khu phố 7
Long Bình,46002629,22.0,1,51,4681.3,65,
Long Bình,46002629,,1,0,0.0,10,
Long Bình,46002630,,0,0,0.0,1,
Long Bình,46002631,22.0,2,66,5342.5,77,Khu phố 9
Long Bình,46002631,,1,0,0.0,7,Khu phố 9
Long Bình,46002632,22.0,1,40,3159.7,49,
Long Bình,46002632,,2,0,0.0,7,
Long Bình,46002633,22.0,1,41,2716.5,52,Khu phố 12
Long Bình,46002633,,1,0,0.0,6,Khu phố 12
Long Bình,46002634,22.0,1,52,2599.0,62,
Long Bình,46002634,,1,0,0.0,7,
Long Bình,46002635,22.0,2,102,7575.0,123,Khu phố 10
Long Bình,46002635,,2,0,0.0,22,Khu phố 10
Long Bình,46002636,22.0,1,49,2882.25,61,Khu phố 8
Long Bình,46002636,,1,0,0.0,9,Khu phố 8
Long Bình,46002637,22.0,1,40,2972.85,55,Khu phố 11
Long Bình,46002637,,2,0,0.0,23,Khu phố 11
Long Bình,46002639,22.0,1,42,2896.1,58,Khu phố 14
Long Bình,46002639,,2,0,0.0,6,Khu phố 14
Long Hưng,46002801,11.0,1,27,1995.1,33,
Long Hưng,46002801,,1,0,0.0,10,
Long Hưng,46002802,11.0,1,45,3835.6,55,
Long Hưng,46002802,,2,0,0.0,10,
Long Hưng,46002803,,0,0,0.0,8,Khu phố 4
Long Hưng,46002804,11.0,1,51,3560.9,61,
Long Hưng,46002804,,1,0,0.0,14,
Long Hưng,46002805,11.0,1,41,2671.75,49,
Long Hưng,46002805,,1,0,0.0,4,
Long Hưng,46002806,11.0,2,116,7771.39,134,Khu phố 2
Long Hưng,46002806,,1,0,0.0,11,Khu phố 2
Long Hưng,46002807,11.0,1,33,2621.65,40,Khu phố 3
Long Hưng,46002807,,1,0,0.0,7,Khu phố 3
Long Hưng,46002808,18.0,2,105,5670.73,123,Khu phố 1
Long Hưng,46002808,,1,0,0.0,14,Khu phố 1
Long Hưng,46002809,18.0,3,143,8843.18,174,
Long Hưng,46002809,,3,0,0.0,37,
Long Hưng,46002810,18.0,2,73,4272.06,90,
Long Hưng,46002810,,2,0,0.0,28,
Long Hưng,46002811,18.0,1,45,2998.85,54,
Long Hưng,46002811,,2,0,0.0,15,
Long Hưng,46002812,18.0,1,54,1924.7,71,Khu phố 5
Long Hưng,46002812,,1,0,0.0,7,Khu phố 5
Long Hưng,46002813,18.0,1,50,1485.5,65,
Long Hưng,46002813,,1,0,0.0,7,
Phước Tân,46005601,16.0,2,112,7029.91,151,Khu phố Đồng
Phước Tân,46005601,,1,0,0.0,16,Khu phố Đồng
Phước Tân,46005602,16.0,6,287,21153.03,361,Khu phố Hương Phước
Phước Tân,46005602,,1,0,0.0,45,Khu phố Hương Phước
Phước Tân,46005603,16.0,2,59,3695.82,70,Khu phố Tân Cang
Phước Tân,46005603,,1,0,0.0,8,Khu phố Tân Cang
Phước Tân,46005604,16.0,2,96,4761.95,108,Tân Mai
Phước Tân,46005604,,1,0,0.0,21,Tân Mai
Phước Tân,46005605,16.0,3,164,10811.63,216,Tân Mai 2
Phước Tân,46005605,,1,0,0.0,11,Tân Mai 2
Phước Tân,46005606,16.0,2,91,4259.26,110,
Phước Tân,46005606,,2,0,0.0,24,
Phước Tân,46005607,16.0,2,101,6548.43,124,
Phước Tân,46005607,,1,0,0.0,11,
Phước Tân,46005609,16.0,4,173,9681.49,197,
Phước Tân,46005609,,2,0,0.0,36,
Tam Hiệp,46005802,22.0,2,106,8379.9,127,
Tam Hiệp,46005802,,1,0,0.0,21,
Tam Hiệp,46005803,,0,0,0.0,1,Khu phố 2
Tam Hiệp,46005804,22.0,2,94,6741.2,113,
Tam Hiệp,46005804,,1,0,0.0,6,
Tam Hiệp,46005805,22.0,1,54,3183.03,63,
Tam Hiệp,46005805,,1,0,0.0,9,
Tam Hiệp,46005806,22.0,2,115,7465.6,143,
Tam Hiệp,46005806,,1,0,0.0,10,
Tam Hiệp,46005807,22.0,1,55,4265.01,94,Khu phố 5
Tam Hiệp,46005807,,1,0,0.0,12,Khu phố 5
Tam Hiệp,46005808,,0,0,0.0,1,khu phố 1
Tam Hiệp,46005809,22.0,1,41,2534.3,50,
Tam Hiệp,46005809,,1,0,0.0,1,
Tam Hiệp,46005810,22.0,1,18,866.5,20,
Tam Hiệp,46005810,,2,0,0.0,7,
Tam Hiệp,46005812,13.0,1,0,0.0,1,Khu phố 12
Tam Hiệp,46005812,22.0,2,90,5861.5,102,Khu phố 12
Tam Hiệp,46005812,,0,0,0.0,5,Khu phố 12
Tam Hiệp,46005813,22.0,1,45,4499.1,60,
Tam Hiệp,46005813,,1,0,0.0,2,
Tam Hiệp,46005814,,0,0,0.0,1,
Tam Hiệp,46005815,22.0,1,57,3579.29,81,
Tam Hiệp,46005815,,1,0,0.0,9,
Tam Hiệp,46005816,22.0,1,0,0.0,2,Khu phố 12
Tam Hiệp,46005817,13.0,1,49,3526.3,66,Khu phố 11
Tam Hiệp,46005817,,1,0,0.0,4,Khu phố 11
Tam Hiệp,46005818,13.0,1,37,4250.72,53,
Tam Hiệp,46005818,,1,0,0.0,1,
Tam Hiệp,46005820,13.0,1,59,4971.42,76,
Tam Hiệp,46005820,,1,0,0.0,7,
Tam Hiệp,46005821,,0,0,0.0,1,
Tam Hiệp,46005822,,0,0,0.0,1,
Tam Hiệp,46005823,13.0,1,46,4930.8,65,Khu phố 10
Tam Hiệp,46005823,,1,0,0.0,3,Khu phố 10
Tam Hiệp,46005824,13.0,1,23,1818.0,33,Khu phố 9
Tam Hiệp,46005824,,1,0,0.0,3,Khu phố 9
Tam Hiệp,46005825,13.0,1,0,0.0,1,
Tam Hiệp,46005825,,0,0,0.0,1,
Tam Hiệp,46005826,13.0,1,27,3205.5,35,
Tam Hiệp,46005826,,1,0,0.0,3,
Tam Hiệp,46005827,13.0,1,27,1838.4,37,
Tam Hiệp,46005827,,1,0,0.0,3,
Tam Hiệp,46005828,13.0,1,38,3433.97,51,
Tam Hiệp,46005828,,1,0,0.0,6,
Tam Hiệp,46005830,10.0,1,55,5301.0,66,Khu phố 8
Tam Hiệp,46005830,,1,0,0.0,4,Khu phố 8
Tam Hiệp,46005831,10.0,2,89,7599.69,104,
Tam Hiệp,46005831,,2,0,0.0,7,
Tam Hiệp,46005832,10.0,3,128,9368.67,151,Khu phố 6
Tam Hiệp,46005832,,1,0,0.0,10,Khu phố 6
Tam Hiệp,46005833,10.0,2,89,4817.7,110,
Tam Hiệp,46005833,,1,0,0.0,13,
Tam Hiệp,46005834,10.0,1,35,3046.0,49,Khu phố 7
Tam Hiệp,46005834,,2,0,0.0,12,Khu phố 7
Tam Hiệp,46005835,,0,0,0.0,1,
Tam Phước,46005901,15.0,2,114,8440.0,141,Long Đức 1
Tam Phước,46005901,,1,0,0.0,27,Long Đức 1
Tam Phước,46005902,15.0,1,51,3216.6,69,Khu phố Long Đức
Tam Phước,46005902,,1,0,0.0,7,Khu phố Long Đức
Tam Phước,46005903,15.0,2,75,5792.6,98,
Tam Phước,46005903,,2,0,0.0,21,
Tam Phước,46005904,15.0,5,209,13567.7,261,Khu phố Long Khánh
Tam Phước,46005904,,3,0,0.0,47,Khu phố Long Khánh
Tam Phước,46005905,15.0,3,91,2652.3,103,
Tam Phước,46005905,,3,0,0.0,26,
Tam Phước,46005906,15.0,2,97,6270.0,115,
Tam Phước,46005906,,2,0,0.0,14,
Tam Phước,46005907,15.0,2,95,5648.2,131,Khu phố Thiên Bình
Tam Phước,46005907,,2,0,0.0,23,Khu phố Thiên Bình
Trảng Dài,46006601,10.0,2,101,4931.48,168,
Trảng Dài,46006601,,1,0,0.0,16,
Trảng Dài,46006602,10.0,3,146,8535.35,248,Khu phố Thiện Tân
Trảng Dài,46006602,,1,0,0.0,21,Khu phố Thiện Tân
Trảng Dài,46006603,10.0,3,136,9543.52,249,
Trảng Dài,46006603,,1,0,0.0,12,
Trảng Dài,46006604,19.0,1,55,5041.2,70,
Trảng Dài,46006604,,1,0,0.0,6,
Trảng Dài,46006605,19.0,1,52,6510.67,82,
Trảng Dài,46006605,,1,0,0.0,11,
Trảng Dài,46006606,19.0,1,53,5575.3,69,
Trảng Dài,46006606,,1,0,0.0,13,
Trảng Dài,46006607,19.0,2,112,9123.41,144,Khu phố 3
Trảng Dài,46006607,,1,0,0.0,13,Khu phố 3
Trảng Dài,46006608,19.0,1,58,5641.3,77,Khu phố 1
Trảng Dài,46006608,,1,0,0.0,11,Khu phố 1
Trảng Dài,46006609,,0,0,0.0,2,
Trảng Dài,46006611,,0,0,0.0,2,khu phố 4A
Trảng Dài,46006612,,0,0,0.0,5,
Trảng Dài,46006613,19.0,1,59,5679.5,84,
Trảng Dài,46006613,,1,0,0.0,8,
Trảng Dài,46006614,19.0,1,42,4125.0,45,Khu phố 4
Trảng Dài,46006614,,1,0,0.0,3,Khu phố 4
Trấn Biên,46006701,11.0,1,57,5524.6,64,Khu phố Bình Đa
Trấn Biên,46006701,,1,0,0.0,5,Khu phố Bình Đa
Trấn Biên,46006702,11.0,1,48,3604.1,59,
Trấn Biên,46006702,,1,0,0.0,5,
Trấn Biên,46006704,,0,0,0.0,2,Khu phố Bình An
Trấn Biên,46006705,,0,0,0.0,3,
Trấn Biên,46006707,11.0,1,48,2772.51,67,Khu phố An Hảo
Trấn Biên,46006707,,2,0,0.0,9,Khu phố An Hảo
Trấn Biên,46006709,11.0,1,39,2197.5,44,
Trấn Biên,46006709,,2,0,0.0,8,
Trấn Biên,46006711,,0,0,0.0,2,
Trấn Biên,46006712,9.0,3,122,5097.05,150,
Trấn Biên,46006712,,4,0,0.0,26,
Trấn Biên,46006713,9.0,2,56,2503.73,72,
Trấn Biên,46006713,,3,0,0.0,13,
Trấn Biên,46006714,9.0,1,33,1241.0,39,khu phố Hiệp Hòa
Trấn Biên,46006714,,1,0,0.0,7,khu phố Hiệp Hòa
Trấn Biên,46006715,6.0,1,55,2725.21,87,
Trấn Biên,46006715,,1,0,0.0,9,
Trấn Biên,46006716,6.0,1,49,2889.2,65,Khu phố Quang Vinh
Trấn Biên,46006716,,1,0,0.0,9,Khu phố Quang Vinh
Trấn Biên,46006717,6.0,2,57,3498.01,78,
Trấn Biên,46006717,,3,0,0.0,12,
Trấn Biên,46006718,6.0,2,61,5302.18,80,Khu phố Bình Thiền
Trấn Biên,46006718,,1,0,0.0,12,Khu phố Bình Thiền
Trấn Biên,46006719,6.0,1,27,2304.4,46,
Trấn Biên,46006720,6.0,1,36,2063.1,59,Khu Phố Hoà Bình
Trấn Biên,46006720,,1,0,0.0,13,Khu Phố Hoà Bình
Trấn Biên,46006721,,0,0,0.0,2,
Trấn Biên,46006722,6.0,1,44,2889.2,59,
Trấn Biên,46006722,,2,0,0.0,3,
Trấn Biên,46006723,6.0,1,25,2457.5,40,
Trấn Biên,46006723,,0,0,0.0,1,
Trấn Biên,46006724,6.0,1,10,4709.1,11,
Trấn Biên,46006724,,1,0,0.0,2,
Trấn Biên,46006725,12.0,1,54,3709.2,69,Khu phố Bình Thành
Trấn Biên,46006725,,1,0,0.0,8,Khu phố Bình Thành
Trấn Biên,46006726,12.0,1,23,2559.8,30,
Trấn Biên,46006726,,2,0,0.0,5,
Trấn Biên,46006727,12.0,2,105,5468.6,133,Khu phố Tân Thành
Trấn Biên,46006727,,2,0,0.0,10,Khu phố Tân Thành
Trấn Biên,46006728,12.0,2,57,3595.6,80,
Trấn Biên,46006728,,1,0,0.0,16,
Trấn Biên,46006729,12.0,3,106,5669.65,134,Khu phố Bửu Long
Trấn Biên,46006729,,3,0,0.0,20,Khu phố Bửu Long
Trấn Biên,46006730,13.0,1,37,3060.2,44,Khu phố Thống Nhất
Trấn Biên,46006730,,2,0,0.0,6,Khu phố Thống Nhất
Trấn Biên,46006731,,0,0,0.0,1,
Trấn Biên,46006732,13.0,1,36,2076.7,56,
Trấn Biên,46006732,,2,0,0.0,5,
Trấn Biên,46006733,,0,0,0.0,4,
Trấn Biên,46006734,13.0,1,27,1637.03,37,Khu phố Bình Trước
Trấn Biên,46006734,,1,0,0.0,8,Khu phố Bình Trước
Trấn Biên,46006735,,0,0,0.0,2,
Trấn Biên,46006736,13.0,1,40,4519.0,55,Khu phố Vinh Thạnh
Trấn Biên,46006736,,1,0,0.0,8,Khu phố Vinh Thạnh
Trấn Biên,46006737,17.0,2,63,7921.4,81,
Trấn Biên,46006737,,2,0,0.0,10,
Trấn Biên,46006738,,0,0,0.0,1,
Trấn Biên,46006739,17.0,2,90,6776.9,147,Khu phố Trung Dũng
Trấn Biên,46006739,,2,0,0.0,10,Khu phố Trung Dũng
Trấn Biên,46006740,17.0,1,29,1632.5,36,
Trấn Biên,46006740,,1,0,0.0,2,
Trấn Biên,46006741,17.0,4,143,11691.2,209,
Trấn Biên,46006741,,3,0,0.0,25,
Trấn Biên,46006743,17.0,1,36,2255.0,57,
Trấn Biên,46006743,,1,0,0.0,5,
Trấn Biên,46006745,17.0,1,49,2120.9,59,
Trấn Biên,46006745,,2,0,0.0,19,
Trấn Biên,46006746,17.0,1,44,2100.75,63,
Trấn Biên,46006746,,1,0,0.0,15,
Trấn Biên,46006747,17.0,1,17,1811.5,28,Khu phố Quyết Thắng
Trấn Biên,46006747,,1,0,0.0,2,Khu phố Quyết Thắng
Trấn Biên,46006748,17.0,1,36,2976.42,62,
Trấn Biên,46006748,,2,0,0.0,8,
Trấn Biên,46006749,17.0,2,70,5056.7,107,
Trấn Biên,46006749,,1,0,0.0,11,
